Student_ID,Gender,Study_Hours,Attendance,Previous_Score,Assignment_Score,Exam_Score
S001,Female,6.5,88,72,78,81
S002,Male,3.2,74,58,61,62
S003,Female,8.1,93,81,88,91
S004,Male,4.5,81,65,70,69
S005,Male,2.1,62,49,52,48
S006,Female,7.2,90,76,83,85
S007,Male,5.4,79,68,66,72
S008,Female,9.3,96,88,91,94
S009,Male,1.5,58,44,47,41
S010,Female,5.8,85,70,74,76
S011,Male,6.9,,73,77,79
S012,Female,3.9,77,61,68,66
S013,Male,8.4,91,79,82,87
S014,Female,2.8,70,55,60,57
S015,Male,4.9,83,66,64,70
S016,Female,7.7,89,84,86,88
S017,Male,5.1,76,63,69,67
S018,Female,10.2,97,90,93,96
S019,Male,3.5,68,52,55,56
S020,Female,6.1,87,74,80,78
S021,Male,7.5,84,71,75,80
S022,Female,4.2,80,67,71,70
S023,Male,2.6,65,50,58,52
S024,Female,8.8,94,83,89,92
S025,Male,5.6,,69,72,74
S026,Female,6.8,86,77,81,83
S027,Male,3.0,72,57,59,60
S028,Female,9.0,92,86,90,93
S029,Male,4.4,78,62,67,65
S030,Female,7.0,88,72,79,82
S031,Male,1.8,60,46,50,44
S032,Female,5.3,82,68,73,73
S033,Male,6.4,85,75,70,77
S034,Female,3.7,75,60,66,63
S035,Male,8.0,90,80,84,86
S036,Female,2.4,67,53,57,55
S037,Male,5.9,81,71,68,75
S038,Female,9.6,95,87,92,95
S039,Male,4.0,73,59,62,61
S040,Female,6.6,89,78,82,84
S041,Male,7.3,87,70,76,79
S042,Female,4.7,79,64,69,68
S043,Male,2.9,,54,56,53
S044,Female,8.5,93,82,87,90
S045,Male,5.0,77,66,63,66
S046,Female,7.9,91,80,85,87
S047,Male,3.4,71,56,61,58
S048,Female,6.0,84,73,77,77
S049,Male,9.1,94,85,88,91
S050,Female,4.6,80,65,70,69
S051,Male,1.2,55,42,45,38
S052,Female,5.5,83,69,75,74
S053,Male,7.1,86,74,72,81
S054,Female,3.3,72,58,64,60
S055,Male,6.2,82,72,74,76
S056,Female,8.9,95,85,90,92
S057,Male,4.3,76,63,65,64
S058,Female,7.4,88,79,84,85
S059,Male,2.3,63,51,53,50
S060,Female,5.7,86,70,76,75
S061,Male,8.2,89,78,80,85
S062,Female,3.6,74,62,67,64
S063,Male,6.7,83,76,73,80
S064,Female,10.0,98,91,94,97
S065,Male,4.8,78,64,68,67
S066,Female,2.0,64,48,55,49
S067,Male,5.2,80,67,66,71
S068,Female,7.6,90,81,86,86
S069,Male,3.8,69,60,60,62
S070,Female,6.3,85,75,79,80
S071,Male,9.4,92,84,86,90
S072,Female,4.1,,66,70,68
S073,Male,7.8,87,73,78,82
S074,Female,5.4,81,71,74,74
S075,Male,2.7,66,52,54,54
S076,Female,8.3,92,80,88,89
S077,Male,6.0,79,69,71,73
S078,Female,3.1,73,59,63,59
S079,Male,7.2,85,77,74,81
S080,Female,5.9,87,72,78,77
S081,Male,4.6,75,61,66,66
S082,Female,9.7,96,89,91,95
S083,Male,1.9,59,47,,46
S084,Female,6.9,90,76,82,83
S085,Male,5.5,78,70,69,72
S086,Female,4.4,82,63,72,68
S087,Male,8.6,88,82,83,88
S088,Female,2.5,68,54,59,56
S089,Male,6.5,84,72,75,77
S090,Female,7.0,89,78,81,84
S091,Male,3.9,70,58,62,60
S092,Female,8.0,94,83,87,90
S093,Male,5.1,80,68,67,70
S094,Female,6.2,86,74,80,79
S095,Male,4.2,77,65,64,67
S096,Female,9.2,93,86,89,93
S097,Male,3.3,71,55,60,57
S098,Female,5.6,84,71,76,75
S099,Male,7.4,86,75,73,80
S100,Female,6.4,91,77,83,82
